site,third_party_domain,request_count
https://amazon.com,media-amazon.com,21
https://amazon.com,ssl-images-amazon.com,16
https://amazontrust.com,googleapis.com,1
https://amazontrust.com,gstatic.com,1
https://apache.org,apachecon.com,1
https://app-measurement.com,google.com,2
https://apple.com,mzstatic.com,10
https://azure.com,microsoft.com,143
https://azure.com,hlx.page,1
https://azure.com,vidyard.com,1
https://azure.com,botframework.com,1
https://azure.com,go-mpulse.net,2
https://azure.com,liveperson.net,1
https://azure.com,lpsnmedia.net,1
https://azure.com,s-microsoft.com,1
https://azure.com,clarity.ms,3
https://azure.com,adobedtm.com,7
https://azure.com,akstat.io,1
https://azure.com,demdex.net,6
https://azure.com,omtrdc.net,1
https://azure.com,everesttech.net,2
https://azure.com,demandbase.com,2
https://azure.com,adobedc.net,1
https://azure.com,adnxs.com,2
https://azure.com,rlcdn.com,4
https://azure.com,company-target.com,3
https://azure.com,doubleclick.net,2
https://azure.com,tubemogul.com,1
https://azure.com,media6degrees.com,1
https://azure.com,twitter.com,1
https://azure.com,casalemedia.com,2
https://azure.com,tremorhub.com,1
https://azure.com,rubiconproject.com,1
https://azure.com,adsrvr.org,1
https://azure.com,quantserve.com,1
https://azure.com,bing.com,1
https://azure.com,flashtalking.com,1
https://azure.com,tribalfusion.com,1
https://azure.com,yahoo.com,1
https://baidu.com,bdstatic.com,34
https://baidu.com,bcebos.com,37
https://bing.com,blob.,4
https://bing.com,msn.com,22
https://bing.com,microsoftonline.com,1
https://bing.com,live.com,1
https://bing.com,linkedin.com,1
https://bing.com,taboola.com,1
https://bing.com,adnxs.com,1
https://bit.ly,bitly.com,78
https://bit.ly,optimizely.com,5
https://bit.ly,cookielaw.org,11
https://bit.ly,qr-code-generator.com,6
https://bit.ly,googletagmanager.com,6
https://bit.ly,onetrust.com,1
https://bit.ly,googlesyndication.com,1
https://bit.ly,google-analytics.com,4
https://bit.ly,hotjar.com,2
https://bit.ly,jsdelivr.net,1
https://bit.ly,bing.com,7
https://bit.ly,profitwell.com,1
https://bit.ly,hs-scripts.com,1
https://bit.ly,google.com,7
https://bit.ly,doubleclick.net,6
https://bit.ly,bing.net,1
https://bit.ly,hs-banner.com,1
https://bit.ly,hs-analytics.net,1
https://bit.ly,hubspot.com,1
https://blogspot.com,blogger.com,9
https://blogspot.com,google.com,1
https://blogspot.com,googleapis.com,2
https://blogspot.com,googleusercontent.com,42
https://blogspot.com,gstatic.com,1
https://casalemedia.com,indexexchange.com,3
https://casalemedia.com,pcdn.co,50
https://casalemedia.com,fontawesome.com,6
https://casalemedia.com,vimeo.com,1
https://casalemedia.com,googletagmanager.com,2
https://casalemedia.com,cookielaw.org,11
https://casalemedia.com,onetrust.com,1
https://casalemedia.com,hotjar.com,2
https://casalemedia.com,licdn.com,1
https://casalemedia.com,marketo.net,2
https://casalemedia.com,vimeocdn.com,1
https://casalemedia.com,google-analytics.com,1
https://casalemedia.com,linkedin.com,6
https://casalemedia.com,mktoresp.com,1
https://casalemedia.com,hotjar.io,1
https://cloudflare-dns.com,one.one,6
https://cloudflare-dns.com,googleapis.com,1
https://cloudflare-dns.com,cloudflarestream.com,17
https://cloudflare-dns.com,gstatic.com,2
https://cloudflare-dns.com,cloudflare.com,2
https://cloudflare.com,cloudflareinsights.com,2
https://cloudflare.com,demandbase.com,2
https://cloudflare.com,adsrvr.org,1
https://cloudflare.com,licdn.com,1
https://cloudflare.com,ads-twitter.com,1
https://cloudflare.com,marketo.net,2
https://cloudflare.com,bizible.com,4
https://cloudflare.com,qualified.com,10
https://cloudflare.com,linkedin.com,9
https://cloudflare.com,reddit.com,1
https://cloudflare.com,doubleclick.net,2
https://cloudflare.com,blob.,6
https://cloudflare.com,t.co,2
https://cloudflare.com,twitter.com,2
https://cloudflare.com,company-target.com,3
https://cloudflare.com,rlcdn.com,2
https://cloudflare.com,mktoresp.com,1
https://cloudflare.com,bizibly.com,1
https://cloudflare.com,google.com,1
https://cloudflare.com,casalemedia.com,2
https://cloudflare.com,tremorhub.com,1
https://cloudflare.com,rubiconproject.com,1
https://cloudflare.com,googletagmanager.com,1
https://cloudflare.com,adobedtm.com,1
https://cloudflare.com,sentry.io,1
https://cloudflare.net,cloudflareinsights.com,1
https://cloudflare.net,blob.,26
https://cloudflare.net,cloudflare.com,5
https://criteo.com,cloudflare.com,5
https://criteo.com,googletagmanager.com,6
https://criteo.com,tree-nation.com,4
https://criteo.com,jsdelivr.net,2
https://criteo.com,unpkg.com,1
https://criteo.com,dreamdata.cloud,3
https://criteo.com,cookielaw.org,6
https://criteo.com,googlesyndication.com,3
https://criteo.com,onetrust.com,1
https://criteo.com,newrelic.com,1
https://criteo.com,nr-data.net,4
https://criteo.com,amplitude.com,9
https://criteo.com,intercom.io,1
https://criteo.com,clarity.ms,4
https://criteo.com,licdn.com,1
https://criteo.com,facebook.net,2
https://criteo.com,ads-twitter.com,1
https://criteo.com,criteo.net,1
https://criteo.com,g2crowd.com,1
https://criteo.com,zoominfo.com,1
https://criteo.com,redditstatic.com,1
https://criteo.com,t.co,1
https://criteo.com,twitter.com,1
https://criteo.com,google-analytics.com,1
https://criteo.com,g2.com,1
https://criteo.com,intercomcdn.com,2
https://criteo.com,linkedin.com,3
https://criteo.com,reddit.com,2
https://criteo.com,bing.com,1
https://criteo.com,facebook.com,2
https://deviantart.com,deviantart.net,16
https://deviantart.com,parastorage.com,31
https://deviantart.com,wixmp.com,42
https://deviantart.com,wix.com,3
https://digicert.com,adobedtm.com,18
https://digicert.com,userway.org,10
https://digicert.com,ada.support,3
https://digicert.com,google.com,5
https://digicert.com,salesforceliveagent.com,3
https://digicert.com,gstatic.com,1
https://digicert.com,demdex.net,3
https://digicert.com,transcend-cdn.com,4
https://digicert.com,company-target.com,2
https://digicert.com,everesttech.net,1
https://digicert.com,googletagmanager.com,4
https://digicert.com,doubleclick.net,5
https://digicert.com,bing.com,3
https://digicert.com,techtarget.com,2
https://digicert.com,zoominfo.com,1
https://digicert.com,hotjar.com,2
https://digicert.com,demandbase.com,2
https://digicert.com,blob.,1
https://digicert.com,licdn.com,1
https://doubleclick.net,google.com,6
https://doubleclick.net,googleapis.com,4
https://doubleclick.net,gstatic.com,6
https://doubleclick.net,googleusercontent.com,12
https://doubleclick.net,withgoogle.com,5
https://doubleclick.net,googletagmanager.com,4
https://doubleclick.net,google-analytics.com,1
https://dropbox.com,google.com,1
https://dropbox.com,dropboxstatic.com,174
https://europa.eu,cloudfront.net,1
https://facebook-hardware.com,facebook.com,1
https://facebook.com,fbcdn.net,39
https://fastly.net,fastly.com,36
https://fastly.net,googletagmanager.com,4
https://fastly.net,intellimize.co,7
https://fastly.net,marketo.net,2
https://fastly.net,speedcurve.com,1
https://fastly.net,cookielaw.org,6
https://fastly.net,mktoresp.com,1
https://fastly.net,intellimizeio.com,1
https://fastly.net,onetrust.com,1
https://fastly.net,google.com,5
https://fastly.net,bizible.com,4
https://fastly.net,6sc.co,7
https://fastly.net,licdn.com,1
https://fastly.net,bing.com,3
https://fastly.net,mountain.com,4
https://fastly.net,fastly-insights.com,1
https://fastly.net,facebook.net,2
https://fastly.net,zi-scripts.com,3
https://fastly.net,techtarget.com,2
https://fastly.net,stackadapt.com,4
https://fastly.net,bidr.io,2
https://fastly.net,doubleclick.net,3
https://fastly.net,44.238.122.172.,1
https://fastly.net,linkedin.com,7
https://fastly.net,zoominfo.com,4
https://fastly.net,bizibly.com,1
https://fastly.net,c99.ai,2
https://fastly.net,facebook.com,1
https://fastly.net,blob.,2
https://fastly.net,intentsify.io,1
https://fastly.net,6sense.com,1
https://fastly.net,clickagy.com,2
https://fastly.net,adsrvr.org,2
https://fastly.net,usbrowserspeed.com,1
https://fbcdn.net,facebook.com,4
https://flickr.com,staticflickr.com,33
https://flickr.com,googleapis.com,2
https://flickr.com,weglot.com,13
https://flickr.com,googletagmanager.com,2
https://flickr.com,website-files.com,18
https://flickr.com,cloudfront.net,1
https://flickr.com,gstatic.com,48
https://flickr.com,cloudflare.com,10
https://flickr.com,trustarc.com,12
https://flickr.com,snplow.net,1
https://flickr.com,blob.,16
https://flickr.com,google.com,1
https://flickr.com,doubleclick.net,1
https://frontapp.com,front.com,64
https://frontapp.com,cookielaw.org,11
https://frontapp.com,optimizely.com,3
https://frontapp.com,onetrust.com,1
https://frontapp.com,qualified.com,9
https://frontapp.com,googletagmanager.com,13
https://frontapp.com,hs-scripts.com,1
https://frontapp.com,hs-analytics.net,1
https://frontapp.com,hs-banner.com,1
https://frontapp.com,hsadspixel.net,1
https://frontapp.com,google.com,4
https://frontapp.com,doubleclick.net,4
https://frontapp.com,hubapi.com,1
https://frontapp.com,hubspot.com,1
https://frontapp.com,licdn.com,1
https://frontapp.com,bing.com,1
https://frontapp.com,redditstatic.com,1
https://frontapp.com,quora.com,2
https://frontapp.com,facebook.net,1
https://frontapp.com,crazyegg.com,1
https://frontapp.com,byspotify.com,1
https://frontapp.com,jsdelivr.net,1
https://frontapp.com,mountain.com,1
https://frontapp.com,stackadapt.com,1
https://frontapp.com,cloudflareinsights.com,1
https://frontapp.com,googleadservices.com,1
https://gandi.net,aticdn.net,1
https://gandi.net,xiti.com,1
https://github.com,githubassets.com,135
https://github.com,ctfassets.net,9
https://github.io,github.com,52
https://google-analytics.com,google.com,7
https://google-analytics.com,googleapis.com,4
https://google-analytics.com,gstatic.com,6
https://google-analytics.com,googleusercontent.com,10
https://google-analytics.com,withgoogle.com,5
https://google-analytics.com,googletagmanager.com,4
https://google-analytics.com,doubleclick.net,1
https://google.com,gstatic.com,5
https://googleadservices.com,google.com,2
https://googleapis.com,google.com,2
https://googledomains.com,domains.google,4
https://googledomains.com,googleapis.com,1
https://googledomains.com,gstatic.com,1
https://googlesyndication.com,google.com,31
https://googlesyndication.com,gstatic.com,5
https://googletagmanager.com,google.com,2
https://googleusercontent.com,google.com,2
https://gravatar.com,wp.com,9
https://gravatar.com,wordpress.com,1
https://gravatar.com,googletagmanager.com,2
https://gravatar.com,google.com,3
https://gravatar.com,doubleclick.net,2
https://gstatic.com,google.com,2
https://icloud.com,apple.com,5
https://icloud.com,cdn-apple.com,1
https://icloud.com,blob.,1
https://instagram.com,cdninstagram.com,21
https://instagram.com,facebook.com,1
https://intuit.com,intuitcdn.net,16
https://intuit.com,tiqcdn.com,13
https://intuit.com,go-mpulse.net,2
https://intuit.com,onetrust.com,1
https://intuit.com,googletagmanager.com,5
https://intuit.com,siteimproveanalytics.com,1
https://intuit.com,ispot.tv,2
https://intuit.com,adsrvr.org,5
https://intuit.com,linkedin.com,15
https://intuit.com,adxcel-ec2.com,1
https://intuit.com,adnxs.com,5
https://intuit.com,liveperson.net,2
https://intuit.com,sc-static.net,2
https://intuit.com,demdex.net,7
https://intuit.com,siteimproveanalytics.io,1
https://intuit.com,tsheets.com,2
https://intuit.com,quickbooksconnect.com,2
https://intuit.com,firmofthefuture.com,2
https://intuit.com,mailchimp.com,2
https://intuit.com,google.com,3
https://intuit.com,doubleclick.net,10
https://intuit.com,snapchat.com,7
https://intuit.com,fullstory.com,3
https://intuit.com,rubiconproject.com,1
https://intuit.com,rlcdn.com,2
https://intuit.com,reson8.com,1
https://intuit.com,tapad.com,3
https://intuit.com,google-analytics.com,1
https://intuit.com,googleadservices.com,2
https://intuit.com,lpsnmedia.net,4
https://lencr.org,letsencrypt.org,12
https://lencr.org,abetterinternet.org,3
https://lencr.org,googleapis.com,1
https://lencr.org,pardot.com,2
https://linkedin.com,licdn.com,25
https://linkedin.com,protechts.net,5
https://linkedin.com,microsoft.com,7
https://linkedin.com,google.com,2
https://linkedin.com,demdex.net,5
https://linkedin.com,gstatic.com,1
https://linkedin.com,doubleclick.net,2
https://linkedin.com,bing.com,1
https://live.com,static.microsoft,13
https://live.com,blob.,1
https://live.com,microsoftonline.com,1
https://live.com,microsoft.com,3
https://mail.ru,vk.ru,1
https://mail.ru,imgsmail.ru,27
https://mail.ru,googletagmanager.com,1
https://mail.ru,mradx.net,21
https://mail.ru,yandex.ru,12
https://mail.ru,yadro.ru,1
https://mail.ru,google-analytics.com,1
https://mail.ru,consentmanager.net,6
https://mail.ru,yandex.com,8
https://mail.ru,vk.com,3
https://mail.ru,vkvideo.ru,11
https://mail.ru,dzen.ru,1
https://mail.ru,userapi.com,1
https://mail.ru,yastatic.net,1
https://mail.ru,dzeninfra.ru,1
https://microsoft.com,hlx.page,1
https://microsoft.com,s-microsoft.com,5
https://microsoft.com,gfx.ms,4
https://microsoft.com,clarity.ms,7
https://microsoft.com,azure.com,1
https://microsoft.com,microsoftonline.com,1
https://microsoft.com,live.com,2
https://microsoft.com,clicktale.net,10
https://microsoft.com,msftauth.net,1
https://microsoft.com,googletagmanager.com,1
https://microsoft.com,bing.com,8
https://microsoft.com,facebook.com,4
https://microsoft.com,linkedin.com,3
https://microsoft.com,everesttech.net,3
https://microsoft.com,doubleclick.net,1
https://microsoft.com,demdex.net,3
https://microsoft.com,blob.,1
https://microsoft.com,omtrdc.net,1
https://microsoft.com,google.com,1
https://microsoft.com,adnxs.com,1
https://mozilla.org,googletagmanager.com,2
https://mozilla.org,google-analytics.com,1
https://msn.com,microsoft.com,1
https://msn.com,scorecardresearch.com,2
https://msn.com,bing.com,10
https://msn.com,linkedin.com,1
https://msn.com,taboola.com,1
https://msn.com,akamaized.net,63
https://msn.com,adnxs.com,4
https://msn.com,microsoftonline.com,1
https://msn.com,btloader.com,1
https://msn.com,webcontentassessor.com,1
https://netflix.com,nflxext.com,17
https://netflix.com,nflxso.net,11
https://netflix.com,onetrust.com,1
https://netflix.com,google.com,5
https://netflix.com,gstatic.com,13
https://netflix.com,nflximg.net,2
https://netflix.com,googletagmanager.com,1
https://netflix.com,tiktok.com,1
https://netflix.com,facebook.com,2
https://netflix.net,netflix.com,2
https://netflix.net,auth0.com,1
https://nih.gov,crazyegg.com,4
https://nih.gov,pinterest.com,3
https://nih.gov,googletagmanager.com,4
https://nih.gov,verint-cdn.com,1
https://nih.gov,usa.gov,4
https://nih.gov,google-analytics.com,7
https://nih.gov,digitalgov.gov,2
https://ntp.org,googletagmanager.com,1
https://ntp.org,googleapis.com,1
https://ntp.org,google.com,8
https://ntp.org,clarity.ms,3
https://ntp.org,gstatic.com,2
https://ntp.org,google-analytics.com,1
https://nytimes.com,nyt.com,70
https://nytimes.com,datadoghq-browser-agent.com,1
https://nytimes.com,googletagmanager.com,2
https://nytimes.com,doubleclick.net,2
https://nytimes.com,geoedge.be,2
https://nytimes.com,media.net,1
https://nytimes.com,amazon-adsystem.com,6
https://nytimes.com,privacymanager.io,3
https://nytimes.com,scorecardresearch.com,4
https://nytimes.com,criteo.com,1
https://office.com,office.net,36
https://office.com,microsoft.com,7
https://office.com,gfx.ms,4
https://office.com,clarity.ms,6
https://office.com,live.com,1
https://office.com,microsoftonline.com,2
https://office.com,azure.com,1
https://office.com,msftauth.net,2
https://office.com,bing.com,1
https://office365.com,microsoft.com,102
https://office365.com,hlx.page,1
https://office365.com,vidyard.com,1
https://office365.com,gfx.ms,5
https://office365.com,azure.com,1
https://office365.com,microsoftonline.com,8
https://office365.com,msftauth.net,4
https://office365.com,adobedtm.com,9
https://office365.com,clarity.ms,3
https://office365.com,demdex.net,8
https://office365.com,msauth.net,1
https://office365.com,live.com,3
https://office365.com,omtrdc.net,1
https://office365.com,everesttech.net,2
https://office365.com,office.net,1
https://office365.com,demandbase.com,2
https://office365.com,adobedc.net,1
https://office365.com,adnxs.com,2
https://office365.com,rlcdn.com,4
https://office365.com,company-target.com,3
https://office365.com,doubleclick.net,2
https://office365.com,tubemogul.com,1
https://office365.com,media6degrees.com,1
https://office365.com,casalemedia.com,2
https://office365.com,tremorhub.com,1
https://office365.com,rubiconproject.com,1
https://office365.com,twitter.com,1
https://office365.com,adsrvr.org,2
https://office365.com,quantserve.com,1
https://office365.com,bing.com,1
https://one.one,one.com,1
https://one.one,group-cdn.one,3
https://opera.com,operacdn.com,65
https://opera.com,googletagmanager.com,4
https://opera.com,google.com,3
https://opera.com,google-analytics.com,2
https://opera.com,hotjar.com,2
https://opera.com,creativecdn.com,3
https://opera.com,facebook.net,2
https://opera.com,doubleclick.net,2
https://opera.com,run.app,1
https://opera.com,facebook.com,1
https://opera.com,bing.com,5
https://opera.com,adnxs.com,2
https://opera.com,clarity.ms,5
https://outlook.com,live.com,5
https://outlook.com,static.microsoft,13
https://outlook.com,blob.,1
https://outlook.com,microsoftonline.com,1
https://outlook.com,microsoft.com,3
https://paypal.com,paypalobjects.com,63
https://paypal.com,browser-intake-us5-datadoghq.com,4
https://paypal.com,recaptcha.net,5
https://paypal.com,gstatic.com,7
https://pinterest.com,pinimg.com,218
https://pinterest.com,recaptcha.net,3
https://pinterest.com,google.com,4
https://pinterest.com,facebook.net,2
https://pinterest.com,gstatic.com,8
https://pinterest.com,facebook.com,1
https://pki.goog,googleapis.com,1
https://pki.goog,google.com,1
https://pki.goog,gstatic.com,7
https://pki.goog,googletagmanager.com,2
https://pki.goog,withgoogle.com,2
https://pki.goog,google-analytics.com,3
https://qq.com,gtimg.com,94
https://qq.com,127.0.0.1.,1
https://qq.com,gtimg.cn,11
https://qq.com,qpic.cn,3
https://qq.com,njmapp.com,1
https://reddit.com,redditstatic.com,16
https://reddit.com,redditmedia.com,17
https://reddit.com,redd.it,18
https://reddit.com,rlcdn.com,2
https://reddit.com,googletagmanager.com,2
https://reddit.com,google.com,9
https://reddit.com,facebook.com,1
https://reddit.com,doubleclick.net,1
https://reddit.com,gstatic.com,7
https://reddit.com,sentry.io,1
https://roblox.com,rbxcdn.com,145
https://rubiconproject.com,magnite.com,49
https://rubiconproject.com,googletagmanager.com,3
https://rubiconproject.com,hotjar.com,2
https://rubiconproject.com,marketo.net,2
https://rubiconproject.com,licdn.com,1
https://rubiconproject.com,linkedin.com,7
https://rubiconproject.com,google-analytics.com,1
https://rubiconproject.com,mktoresp.com,1
https://sharepoint.com,office.com,4
https://sharepoint.com,microsoft.com,117
https://sharepoint.com,hlx.page,1
https://sharepoint.com,vidyard.com,1
https://sharepoint.com,gfx.ms,5
https://sharepoint.com,botframework.com,1
https://sharepoint.com,liveperson.net,2
https://sharepoint.com,lpsnmedia.net,1
https://sharepoint.com,azure.com,3
https://sharepoint.com,s-microsoft.com,1
https://sharepoint.com,microsoftonline.com,7
https://sharepoint.com,msauth.net,2
https://sharepoint.com,adobedtm.com,7
https://sharepoint.com,clarity.ms,3
https://sharepoint.com,msftauth.net,3
https://sharepoint.com,live.com,3
https://sharepoint.com,demandbase.com,2
https://sharepoint.com,adobedc.net,1
https://sharepoint.com,company-target.com,3
https://sharepoint.com,rlcdn.com,2
https://sharepoint.com,casalemedia.com,2
https://sharepoint.com,tremorhub.com,1
https://sharepoint.com,rubiconproject.com,1
https://skype.com,live.com,2
https://skype.com,microsoft.com,1
https://skype.com,live.net,32
https://skype.com,microsoftonline.com,1
https://skype.com,clarity.ms,1
https://snapchat.com,google-analytics.com,3
https://snapchat.com,googletagmanager.com,1
https://spotify.com,scdn.co,37
https://spotify.com,spotifycdn.com,65
https://spotify.com,google.com,4
https://spotify.com,googleoptimize.com,1
https://spotify.com,gstatic.com,8
https://spotify.com,sentry.io,1
https://spotify.com,cookielaw.org,9
https://spotify.com,googletagmanager.com,3
https://spotify.com,onetrust.com,1
https://spotify.com,google-analytics.com,3
https://spotify.com,ads-twitter.com,1
https://spotify.com,fastly-insights.com,1
https://spotify.com,heap-api.com,4
https://spotify.com,scorecardresearch.com,4
https://spotify.com,t.co,1
https://spotify.com,twitter.com,1
https://spotify.com,demdex.net,1
https://spotify.com,rlcdn.com,2
https://spotify.com,doubleclick.net,1
https://spotify.com,pippio.com,1
https://t.me,telegram.org,54
https://tds.net,imds-cdn.com,34
https://tds.net,taboola.com,5
https://tds.net,uniconsent.com,9
https://tds.net,udmserve.net,4
https://tds.net,underdog.media,2
https://tds.net,quantserve.com,1
https://tds.net,adnxs.com,3
https://tds.net,pubmatic.com,6
https://tds.net,casalemedia.com,3
https://tds.net,sonobi.com,1
https://tds.net,rubiconproject.com,1
https://tds.net,doubleclick.net,5
https://tds.net,geoedge.be,4
https://tds.net,technoratimedia.com,2
https://tds.net,quantcount.com,2
https://tds.net,receptivity.io,4
https://tds.net,33across.com,1
https://tds.net,yahoo.com,1
https://tds.net,criteo.com,3
https://tds.net,adsrvr.org,1
https://tds.net,googletagmanager.com,1
https://tds.net,imds-api.com,19
https://tds.net,google.com,6
https://tds.net,rlcdn.com,1
https://tds.net,cootlogix.com,8
https://tds.net,serverbid.com,1
https://tds.net,inmobi.com,1
https://tiktok.com,tiktokcdn-us.com,185
https://tiktok.com,tiktokv.us,7
https://tiktok.com,tiktokw.us,11
https://tiktok.com,ttwstatic.com,2
https://tumblr.com,wp.com,2
https://tumblr.com,sentry.io,1
https://tumblr.com,flsrv.net,6
https://tumblr.com,pubmatic.com,3
https://tumblr.com,doubleclick.net,1
https://tumblr.com,privacymanager.io,1
https://tumblr.com,criteo.com,1
https://tumblr.com,id5-sync.com,2
https://tumblr.com,rlcdn.com,1
https://tumblr.com,liadm.com,1
https://tumblr.com,crwdcntrl.net,1
https://tumblr.com,adsrvr.org,1
https://twitter.com,x.com,7
https://twitter.com,twimg.com,62
https://twitter.com,blob.,2
https://twitter.com,google.com,4
https://twitter.com,cdn-apple.com,1
https://twitter.com,gstatic.com,1
https://ui.com,cookielaw.org,11
https://ui.com,googletagmanager.com,1
https://ui.com,hotjar.com,2
https://ui.com,visualwebsiteoptimizer.com,1
https://ui.com,redditstatic.com,1
https://ui.com,reddit.com,2
https://ui.com,onetrust.com,1
https://ui.com,google-analytics.com,3
https://ui.com,hotjar.io,1
https://vimeo.com,vimeocdn.com,97
https://vimeo.com,elfsight.com,1
https://vimeo.com,transcend-cdn.com,4
https://vimeo.com,googleapis.com,1
https://vimeo.com,bynder.com,3
https://vimeo.com,wirewax.video,6
https://vimeo.com,amazonaws.com,2
https://vimeo.com,browser-intake-datadoghq.com,6
https://vimeo.com,googletagmanager.com,1
https://whatsapp.com,whatsapp.net,54
https://whatsapp.com,fbcdn.net,2
https://whatsapp.net,whatsapp.com,3
https://whatsapp.net,fbcdn.net,2
https://wikipedia.org,wikimedia.org,1
https://windows.com,microsoft.com,47
https://windows.com,adobedtm.com,18
https://windows.com,botframework.com,3
https://windows.com,gfx.ms,3
https://windows.com,powerplatform.com,2
https://windows.com,azure.com,2
https://windows.com,azurefd.net,1
https://windows.com,company-target.com,1
https://windows.com,demdex.net,13
https://windows.com,ads-twitter.com,1
https://windows.com,licdn.com,1
https://windows.com,clarity.ms,7
https://windows.com,bing.com,7
https://windows.com,facebook.net,2
https://windows.com,t.co,1
https://windows.com,twitter.com,2
https://windows.com,linkedin.com,7
https://windows.com,omtrdc.net,1
https://windows.com,everesttech.net,2
https://windows.com,adnxs.com,2
https://windows.com,facebook.com,2
https://windows.com,rlcdn.com,2
https://windows.com,doubleclick.net,2
https://windows.com,tubemogul.com,1
https://windows.com,media6degrees.com,1
https://windows.com,adsrvr.org,2
https://windows.com,quantserve.com,2
https://windows.com,flashtalking.com,1
https://windows.com,live.com,1
https://windows.com,tribalfusion.com,2
https://windows.com,yahoo.com,2
https://windows.com,owneriq.net,1
https://windows.com,postrelease.com,1
https://windows.com,reson8.com,1
https://windows.com,bttrack.com,1
https://windows.com,3lift.com,1
https://windows.com,innovid.com,1
https://windows.com,adentifi.com,1
https://wordpress.com,wp.com,14
https://wordpress.com,google.com,4
https://wordpress.com,googletagmanager.com,3
https://wordpress.com,parsely.com,2
https://wordpress.com,facebook.net,2
https://wordpress.com,bing.com,3
https://wordpress.com,hotjar.com,2
https://wordpress.com,google-analytics.com,1
https://wordpress.com,facebook.com,1
https://wordpress.com,doubleclick.net,1
https://wordpress.org,googletagmanager.com,2
https://wordpress.org,wp.com,14
https://wordpress.org,w.org,1
https://wordpress.org,blob.,1
https://wordpress.org,google-analytics.com,4
https://yahoo.com,yimg.com,95
https://yahoo.com,oath.com,1
https://yahoo.com,doubleclick.net,5
https://yahoo.com,taboola.com,44
https://yahoo.com,ay.delivery,7
https://yahoo.com,clean.gg,1
https://yahoo.com,googletagmanager.com,1
https://yahoo.com,p-n.io,2
https://yahoo.com,liadm.com,3
https://yahoo.com,scorecardresearch.com,2
https://yahoo.com,pubmatic.com,5
https://yahoo.com,cloudfront.net,2
https://yahoo.com,google-analytics.com,1
https://yahoo.com,criteo.com,4
https://yahoo.com,kueezrtb.com,6
https://yahoo.com,yieldmo.com,4
https://yahoo.com,casalemedia.com,2
https://yahoo.com,openx.net,4
https://yahoo.com,media.net,2
https://yahoo.com,seedtag.com,2
https://yahoo.com,adnxs.com,4
https://yahoo.com,rubiconproject.com,10
https://yahoo.com,3lift.com,2
https://yahoo.com,rlcdn.com,1
https://yahoo.com,1rx.io,2
https://yahoo.com,googlesyndication.com,2
https://yahoo.com,temu.com,1
https://yahoo.com,adsrvr.org,2
https://yahoo.com,unrulymedia.com,1
https://yahoo.com,brightcove.net,5
https://yahoo.com,bfmio.com,1
https://yahoo.com,smartadserver.com,1
https://yandex.net,ya.ru,11
https://yandex.net,yandex.ru,7
https://yandex.net,yastatic.net,11
https://yandex.ru,dzen.ru,1
https://yandex.ru,yandex.net,2
https://yandex.ru,yastatic.net,3
https://yandex.ru,blob.,1
https://yandex.ru,yandex.com,3
https://youtu.be,youtube.com,29
https://youtu.be,ytimg.com,1
https://youtu.be,googleapis.com,3
https://youtu.be,google.com,6
https://youtu.be,gstatic.com,91
https://youtu.be,doubleclick.net,3
https://youtube.com,ytimg.com,1
https://youtube.com,googleapis.com,3
https://youtube.com,google.com,6
https://youtube.com,gstatic.com,91
https://youtube.com,doubleclick.net,3
https://youtube.com,googlevideo.com,6
https://zoom.us,zoom.com,6
https://zoom.us,optimizely.com,1
https://zoom.us,cookielaw.org,11
https://zoom.us,googletagmanager.com,4
https://zoom.us,onetrust.com,1
https://zoom.us,cloudflareinsights.com,1
https://zoom.us,google.com,3
https://zoom.us,zi-scripts.com,3
https://zoom.us,demandbase.com,2
https://zoom.us,g2crowd.com,1
https://zoom.us,licdn.com,1
https://zoom.us,facebook.net,2
https://zoom.us,yimg.jp,1
https://zoom.us,salesloft.com,3
https://zoom.us,redditstatic.com,1
https://zoom.us,ads-twitter.com,1
https://zoom.us,impactcdn.com,1
https://zoom.us,tvsquared.com,2
https://zoom.us,episerver.net,2
https://zoom.us,metadata.io,1
https://zoom.us,bing.com,3
https://zoom.us,byspotify.com,1
https://zoom.us,trkn.us,6
https://zoom.us,contentsquare.net,4
https://zoom.us,company-target.com,3
https://zoom.us,rlcdn.com,2
https://zoom.us,reddit.com,2
https://zoom.us,doubleclick.net,5
https://zoom.us,t.co,1
https://zoom.us,twitter.com,1
https://zoom.us,blob.,3
https://zoom.us,amplitude.com,2
https://zoom.us,sjv.io,1
https://zoom.us,g2.com,1
https://zoom.us,linkedin.com,7
https://zoom.us,zoominfo.com,3
https://zoom.us,casalemedia.com,2
https://zoom.us,tremorhub.com,1
https://zoom.us,rubiconproject.com,1
https://zoom.us,facebook.com,1
https://zoom.us,spotify.com,2
https://zoom.us,ojrq.net,1
